Index,License Number
1,KA0320130639546
2,UP0120102422372
3,UP0120245271257
4,TN0119919405856
5,PB0119990451729
6,DL0219871916424
7,CH0119818331358
8,CH0120097039791
9,WB0220250385212
10,TN0419946180988
11,MP0219983045725
12,RJ0120147069425
13,WB0220198690309
14,GJ0120038300776
15,MH4320180496580
16,HR0219933510096
17,PB0120095293783
18,KA0419954119919
19,HR0119854492917
20,GJ0120021266752
21,MH1420149272235
22,GJ0919911617301
23,WB0119950415702
24,MH1220056682252
25,DL0319844905703
26,DL0219986954267
27,WB0119914423104
28,DL0220089085621
29,UP0219903363070
30,TN0120019085002
31,MH1220182581036
32,UP0219810913331
33,DL0419949444646
34,WB0119839049641
35,GJ1519857995526
36,CH0220228392572
37,DL0220132271306
38,AP0220053914367
39,PB0220092799610
40,AP0120063186929
41,JK0120053084116
42,DL0219850080470
43,PB0119932462004
44,WB0220038444734
45,MH4320152193345
46,AP0120221974453
47,UP0119819546004
48,AP0120214584289
49,HR0120247217829
50,AP0220131231431
51,PB0119944291470
52,KA0119853164107
53,MP0220123745115
54,RJ0220213902550
55,PB0120224689594
56,HR0220013897559
57,UP0120241886764
58,CH0219944986137
59,WB0220095876576
60,HR0220034528450
61,HR0120160474858
62,UP0119836630733
63,HR0119898536037
64,DL0319911087939
65,DL0420140975180
66,MH4320003763624
67,KA0220256576319
68,MH1219943484084
69,PB0220127786810
70,DL0319844058326
71,UP0219891520545
72,PB0119845663333
73,HR0120029269094
74,GJ0119969426605
75,WB0120216231658
76,PB0219887765853
77,CH0220061171724
78,MH2020224681326
79,MH1419933826230
80,WB0220124231765
81,AP0120039645378
82,WB0220105599014
83,TN0119988052812
84,JK0220081811963
85,KA0320098224066
86,DL0319801210811
87,KA0119808049533
88,HR0119920555079
89,AP0220039626074
90,PB0120117380903
91,CH0220101564654
92,DL0220126408791
93,DL0119904753475
94,RJ0219892409676
95,GJ1519867274611
96,KA0419990167641
97,CH0220055022652
98,RJ0119805609756
99,RJ0219924446628
100,MP0219850625731
101,RJ0120191116274
102,JK0220251115609
103,PB0120188520119
104,AP0220016204789
105,CH0220179826002
106,JK0119905838667
107,HR0120068044809
108,JK0219994222916
109,WB0220243943080
110,DL0419849628770
111,PB0119807046030
112,HR0220035894065
113,RJ0219920370694
114,MP0219845021272
115,JK0120035156317
116,GJ0120201822044
117,MP0219866032712
118,UP0120058629382
119,AP0219890139493
120,WB0120079790978
121,UP0220090833340
122,DL0420010586250
123,PB0119893665636
124,RJ0119887376000
125,UP0120115610674
126,CH0220243443304
127,GJ1520011897930
128,CH0120191667363
129,HR0120026144986
130,TN0220111810956
131,WB0119805156472
132,DL0120165830748
133,RJ0119832725627
134,TN0220250658786
135,PB0220237842391
136,PB0220132600891
137,JK0220059284650
138,PB0120085760258
139,MP0220054151377
140,JK0119858455012
141,WB0119939338057
142,KA0420035341460
143,MP0120238835318
144,UP0220154117974
145,KA0120257537088
146,RJ0120046349594
147,MP0219925152523
148,AP0219826732901
149,PB0219802220544
150,UP0120220226048
